sugar cookies,Breakout
insomnia cookies,Breakout
word cookies,Breakout
how to make cookies,Breakout
chocolate chip cookies recipe,Breakout
sugar cookies recipe,Breakout
gluten free cookies,Breakout
pumpkin cookies,Breakout
oatmeal raisin cookies,Breakout
gingerbread cookies,Breakout
lemon cookies,Breakout
shortbread cookies,Breakout
clear cookies,Breakout
healthy cookies,Breakout
no bake cookies,Breakout
sugar cookie recipe,Breakout
chocolate chip cookie recipe,Breakout
how to enable cookies,Breakout
cake mix cookies,Breakout
apple cookies,Breakout
toll house cookies,Breakout
peanut butter cookies recipe,Breakout
chocolate chocolate chip cookies,"+1,800%"
chocolate chip cookies,+900%
