how to make cookies,Breakout
word cookies,Breakout
insomnia cookies,Breakout
gluten free cookies,Breakout
oatmeal raisin cookies,Breakout
cookies and cream,Breakout
coconut cookies,Breakout
banana cookies,Breakout
gingerbread cookies,Breakout
peanut butter cookies recipe,Breakout
spritz cookies,Breakout
cake mix cookies,Breakout
ginger cookies,Breakout
oreo cookies,Breakout
molasses cookies,Breakout
sugar cookie recipe,Breakout
vegan cookies,Breakout
peanut butter chocolate chip cookies,Breakout
best chocolate chip cookies,Breakout
how to clear cookies,Breakout
apple cookies,Breakout
frosting for cookies,Breakout
no bake oatmeal cookies,Breakout
snickerdoodle cookies,Breakout
