butter cookies,Breakout
word cookies,Breakout
chocolate chip cookies,Breakout
peanut butter cookies,Breakout
insomnia cookies,Breakout
girl scout cookies,Breakout
no bake cookies,Breakout
christmas cookies,Breakout
word cookies answers,Breakout
cake mix cookies,Breakout
sugar cookies recipe,Breakout
chocolate chip cookies recipe,Breakout
how to make sugar cookies,Breakout
how to enable cookies,Breakout
cookie recipes,Breakout
no bake oatmeal cookies,Breakout
oatmeal raisin cookies,Breakout
cookies kids,Breakout
gingerbread cookies,Breakout
sugar cookies,+250%
