oatmeal cookies,Breakout
pumpkin chip cookies,Breakout
christmas cookies,Breakout
molasses cookies,Breakout
word cookies,Breakout
chocolate chip cookies recipe,Breakout
sugar cookies recipe,Breakout
gluten free cookies,Breakout
chocolate no bake cookies,Breakout
oatmeal raisin cookies,Breakout
apple cookies,Breakout
shortbread cookies,Breakout
italian cookies,Breakout
no bake cookies recipe,Breakout
chocolate chip cookies,+900%
sugar cookies,+450%
pumpkin cookies,+250%
girl scout cookies,+200%
peanut butter cookies,+200%
butter cookies,+170%
no bake cookies,+160%
pumpkin chocolate chip cookies,+130%
