christmas cookies,Breakout
word cookies,Breakout
chocolate chip cookies recipe,Breakout
cookies strain,Breakout
cookie recipes,Breakout
lemon cookies,Breakout
shortbread cookies,Breakout
cookies by design,Breakout
gingerbread cookies,Breakout
how to clear cookies,Breakout
oatmeal raisin cookies,Breakout
wedding cookies,Breakout
what are cookies,Breakout
how to make sugar cookies,Breakout
pumpkin chocolate chip cookies,Breakout
oreo cookies,Breakout
best chocolate chip cookies,Breakout
chocolate chip cookies,+450%
girl scout cookies,+300%
cookies recipe,+250%
oatmeal cookies,+200%
butter cookies,+200%
sugar cookies,+140%
