word cookies,Breakout
how to make cookies,Breakout
gluten free cookies,Breakout
almond cookies,Breakout
banana cookies,Breakout
healthy cookies,Breakout
word cookies answers,Breakout
ricotta cookies,Breakout
peanut butter chocolate chip cookies,Breakout
peanut butter no bake cookies,Breakout
how to clear cookies,Breakout
brownie cookies,Breakout
chewy chocolate chip cookies,Breakout
easy sugar cookies,Breakout
best chocolate chip cookies,Breakout
how to delete cookies,Breakout
how to make sugar cookies,Breakout
pillsbury cookies,Breakout
pumpkin chocolate chip cookies,Breakout
recipe for sugar cookies,Breakout
cheryls cookies,Breakout
red velvet cookies,Breakout
soft sugar cookies,Breakout
no bake cookies recipe,Breakout
monster cookies,Breakout
