cookies strain,Breakout
gluten free cookies,Breakout
cookies sf,Breakout
how to clear cookies,Breakout
cookies from scratch,Breakout
girl scout cookies strain,Breakout
how to make sugar cookies,Breakout
chewy chocolate chip cookies,Breakout
brown sugar cookies,Breakout
lactation cookies,Breakout
paleo cookies,Breakout
red velvet cookies,Breakout
nutella cookies,Breakout
pumpkin chocolate chip cookies,Breakout
recipe for sugar cookies,Breakout
cookies clothing,Breakout
almond flour cookies,Breakout
word cookies answers,Breakout
brown butter cookies,Breakout
insomnia cookies,Breakout
enable cookies chrome,Breakout
banana oatmeal cookies,Breakout
keto cookies,Breakout
delete cookies chrome,Breakout
gluten free chocolate chip cookies,Breakout
