chocolate chip oatmeal cookies,Breakout
word cookies,Breakout
oatmeal raisin cookies,Breakout
toll house cookies,Breakout
best chocolate chip cookies,Breakout
brown sugar cookies,Breakout
wedding cookies,Breakout
sugar free cookies,Breakout
how to clear cookies,Breakout
how to enable cookies,Breakout
oreo cookies,Breakout
paleo cookies,Breakout
holiday cookies,Breakout
lactation cookies,Breakout
how to delete cookies,Breakout
easy sugar cookies,Breakout
pumpkin chocolate chip cookies,Breakout
nestle toll house cookies,Breakout
halloween cookies,Breakout
white chocolate chip cookies,Breakout
best sugar cookies,Breakout
how to make sugar cookies,Breakout
mexican wedding cookies,Breakout
christmas sugar cookies,Breakout
butterscotch cookies,Breakout
