easy cookies,Breakout
clear cookies,Breakout
word cookies,Breakout
vegan cookies,Breakout
cookies strain,Breakout
cake mix cookies,Breakout
cookies and cream,Breakout
coconut cookies,Breakout
shortbread cookies,Breakout
urban cookies,Breakout
sugar cookie recipe,Breakout
how to clear cookies,Breakout
chocolate chip cookie recipe,Breakout
brown sugar cookies,Breakout
snickerdoodle cookies,Breakout
pumpkin chocolate chip cookies,Breakout
how to make sugar cookies,Breakout
no bake oatmeal cookies,Breakout
peanut butter oatmeal cookies,Breakout
easy sugar cookies,Breakout
peanut butter chocolate chip cookies,Breakout
holiday cookies,Breakout
lactation cookies,Breakout
molasses cookies,Breakout
