no bake cookies,Breakout
chocolate chip cookies,Breakout
word cookies,Breakout
oatmeal cookies,Breakout
girl scout cookies,Breakout
insomnia cookies,Breakout
no bake cookies recipe,Breakout
cake mix cookies,Breakout
sugar cookies recipe,Breakout
word cookies answers,Breakout
peanut butter cookies recipe,Breakout
chocolate chip cookies recipe,Breakout
cookie recipes,Breakout
peanut butter cookies easy,Breakout
oatmeal raisin cookies,Breakout
butter cookies,+350%
cookies recipe,+250%
peanut butter cookies,+250%
sugar cookies,+180%
