peanut butter cookies,Breakout
girl scout cookies,Breakout
chocolate chip oatmeal cookies,Breakout
word cookies,Breakout
gluten free cookies,Breakout
crumbl cookies,Breakout
best chocolate chip cookies,Breakout
oreo cookies,Breakout
chips cookies,Breakout
how to clear cookies,Breakout
sugar cookie recipe,Breakout
peanut butter cookies recipe,Breakout
no bake cookies recipe,Breakout
shortbread cookies,Breakout
pumpkin spice cookies,Breakout
swig cookies,Breakout
crumble cookies,Breakout
oatmeal raisin cookies,Breakout
butter cookies,+900%
pumpkin cookies,+650%
oatmeal cookies,+400%
pumpkin chocolate chip cookies,+350%
sugar cookies,+350%
