cookies recipe,Breakout
no bake cookies,Breakout
oatmeal cookies,Breakout
word cookies,Breakout
girl scout cookies,Breakout
christmas cookies,Breakout
homemade cookies,Breakout
cake mix cookies,Breakout
chocolate chip cookies recipe,Breakout
no bake oatmeal cookies,Breakout
no bake peanut butter cookies,Breakout
chocolate no bake cookies,Breakout
lemon cookies,Breakout
peanut butter cookies recipe,Breakout
word cookies answers,Breakout
no bake cookies recipe,Breakout
sugar cookies recipe,Breakout
cookie recipes,Breakout
how to clear cookies,Breakout
pumpkin cookies,Breakout
chocolate chip cookies,+400%
peanut butter cookies,+300%
