chocolate chip cookies,Breakout
peanut butter cookies,Breakout
eileens cookies,Breakout
word cookies,Breakout
oatmeal chocolate chip cookies,Breakout
cake mix cookies,Breakout
sugar cookies recipe,Breakout
gluten free cookies,Breakout
pumpkin cookies,Breakout
cookie recipes,Breakout
eileens cookies omaha,Breakout
oatmeal raisin cookies,Breakout
peanut butter cookies recipe,Breakout
gingerbread cookies,Breakout
snickerdoodle cookies,Breakout
oreo cookies,Breakout
butter cookies,+600%
girl scout cookies,+500%
oatmeal cookies,+350%
no bake cookies,+250%
sugar cookies,+180%
christmas cookies,+180%
cookies recipe,+80%
