chocolate cookies,Breakout
butter cookies,Breakout
cookies recipe,Breakout
peanut butter cookies,Breakout
word cookies,Breakout
cake cookies,Breakout
insomnia cookies,Breakout
christmas cookies,Breakout
no bake oatmeal cookies,Breakout
homemade cookies,Breakout
chocolate oatmeal cookies,Breakout
no bake peanut butter cookies,Breakout
chocolate no bake cookies,Breakout
cake mix cookies,Breakout
chocolate chip cookies recipe,Breakout
sugar cookies recipe,Breakout
pumpkin cookies,Breakout
no bake cookies recipe,Breakout
gingerbread cookies,Breakout
word cookies answers,Breakout
peanut butter cookies recipe,Breakout
easy peanut butter cookies,Breakout
gluten free cookies,Breakout
oreo cookies,Breakout
