insomnia cookies,Breakout
word cookies,Breakout
gluten free cookies,Breakout
almond cookies,Breakout
healthy cookies,Breakout
oatmeal raisin cookies,Breakout
homemade cookies,Breakout
molasses cookies,Breakout
how to enable cookies,Breakout
chocolate chip cookie recipe,Breakout
brown sugar cookies,Breakout
peanut butter chocolate chip cookies,Breakout
what are cookies,Breakout
how to delete cookies,Breakout
milk and cookies,Breakout
how to make chocolate chip cookies,Breakout
hershey kiss cookies,Breakout
paleo cookies,Breakout
snickerdoodle cookies,Breakout
clear cookies chrome,Breakout
nutella cookies,Breakout
protein cookies,Breakout
easy sugar cookies,Breakout
insomnia cookies boston,Breakout
