best cookies,Breakout
pumpkin cookies,Breakout
gluten free cookies,Breakout
sugar cookies recipe,Breakout
clear cookies,Breakout
high altitude cookies,Breakout
word cookies,Breakout
cookie recipes,Breakout
vegan cookies,Breakout
almond cookies,Breakout
coconut cookies,Breakout
oatmeal raisin cookies,Breakout
shortbread cookies,Breakout
cookies and cream,Breakout
healthy cookies,Breakout
banana cookies,Breakout
lemon cookies,Breakout
wedding cookies,Breakout
insomnia cookies,Breakout
peanut butter cookies recipe,Breakout
sugar cookie recipe,Breakout
peanut butter oatmeal cookies,Breakout
ginger cookies,Breakout
best chocolate chip cookies,Breakout
